400.xls,262
401.xls,355
402.xls,300
403.xls,604
404.xls,571
405.xls,383
406.xls,351
407.xls,465
408.xls,470
409.xls,399
410.xls,406
411.xls,373
412.xls,399
413.xls,263
415.xls,418
416.xls,304
417.xls,326
418.xls,407
419.xls,449
422.xls,376
423.xls,457
424.xls,457
425.xls,531
426.xls,453
427.xls,362
428.xls,494
430.xls,450
431.xls,422
432.xls,368
433.xls,409
434.xls,328
435.xls,392
436.xls,469
437.xls,368
438.xls,379
439.xls,486
440.xls,398
441.xls,301
442.xls,414
443.xls,378
444.xls,328
446.xls,359
447.xls,473
448.xls,313
449.xls,358
450.xls,534
451.xls,316
452.xls,407
454.xls,509
455.xls,410
456.xls,402
457.xls,377
458.xls,365
459.xls,432
460.xls,453
461.xls,398
462.xls,432
463.xls,337
464.xls,458
465.xls,403
466.xls,374
467.xls,427
500.xls,412
501.xls,399
502.xls,397
600.xls,422
601.xls,484
602.xls,449
603.xls,337
605.xls,531
606.xls,392
607.xls,349
608.xls,385
609.xls,390
610.xls,393
611.xls,461
612.xls,527
613.xls,369
614.xls,331
615.xls,559
616.xls,365
617.xls,459
620.xls,374
621.xls,449
622.xls,429
623.xls,575
700.xls,383
701.xls,341
702.xls,423
703.xls,524
704.xls,438
